[
    {
        "text": "Good Morning \u2615\ufe0f\u2764\ufe0f https://t.co/ennkEXUJ7N",
        "favorites": 1887,
        "retweets": 118,
        "cashtags": [],
        "tweet_id": 1660883530975461376,
        "created_at": "Tue May 23 05:41:06 +0000 2023",
        "extra_tweet_info": null,
        "user_info": {
            "screen_name": "J__A__D__E_",
            "user_id": 1636752513591308288,
            "followers": 34818
        }
    },
    {
        "text": "Sen. Tim Scott vows to sign the 'most conservative, pro-life legislation' if elected president \n\nhttps://t.co/L2Yjm2Yc5n via @nbcnews",
        "favorites": 31,
        "retweets": 19,
        "cashtags": [],
        "tweet_id": 1660927083432779777,
        "created_at": "Tue May 23 08:34:09 +0000 2023",
        "extra_tweet_info": null,
        "user_info": {
            "screen_name": "donwinslow",
            "user_id": 255812611,
            "followers": 933260
        }
    },
    {
        "text": "Allowing these utter posh, entitled morons to disrupt people\u2019s working day like this, is   disgusting &amp; scenes like this are an utter embarrassment to our police force.\nOf course hardworking people will snap when stopped from earning for their families.\n https://t.co/xQKD3h2Vvh",
        "favorites": 343,
        "retweets": 57,
        "cashtags": [],
        "tweet_id": 1660930013946867718,
        "created_at": "Tue May 23 08:45:48 +0000 2023",
        "extra_tweet_info": null,
        "user_info": {
            "screen_name": "EssexPR",
            "user_id": 41702018,
            "followers": 288655
        }
    },
    {
        "text": "An official from RBW said in a phone call with media, \"We are still in talks regarding Hwasa's contract, there is still some time left.\"\n\nRBW is suddenly answering calls promptly and responding? \ud83d\ude05",
        "favorites": 145,
        "retweets": 56,
        "cashtags": [],
        "tweet_id": 1660919806407716870,
        "created_at": "Tue May 23 08:05:14 +0000 2023",
        "extra_tweet_info": {
            "is_quote": true,
            "quote_tweet": {
                "text": "\ud83d\udcf0 | According to Kpop officials, Hwasa's contract will end at the end of June. As individual activities rather than team will be focused in the future...attention is now focused on what her decisions will be.\n\n\ud83d\udd17 https://t.co/RrNx9y7XC2\n\ud83d\udd17 https://t.co/CVxhe6AMo4\n\n#Hwasa #\ud654\uc0ac https://t.co/sMeZ7sDlln",
                "favorites": 332,
                "retweets": 175,
                "cashtags": [],
                "tweet_id": 1660909198937554944,
                "created_at": "Tue May 23 07:23:05 +0000 2023",
                "extra_tweet_info": null,
                "user_info": {
                    "screen_name": "HwasaGlobal",
                    "user_id": 1172852194736918528,
                    "followers": 30568
                }
            }
        },
        "user_info": {
            "screen_name": "HwasaGlobal",
            "user_id": 1172852194736918528,
            "followers": 30568
        }
    },
    {
        "text": "Q: If ships aren't bad for environment, why no permits issued outright?   @TheGreenConnect can tell more about  their court challenge on environmental issues. \nWe will share an exclusive interview later today on how KPS destroyed fishing for a whole town elsewhere in the world.",
        "favorites": 11,
        "retweets": 7,
        "cashtags": [],
        "tweet_id": 1660926822014484480,
        "created_at": "Tue May 23 08:33:07 +0000 2023",
        "extra_tweet_info": {
            "is_quote": true,
            "quote_tweet": {
                "text": "@OUTASA Please specify what damage will occur on the marine environment. The EIA reports clearly show that this is not the case and very importantly these ports are earmarked for multibillion rand expansions. Also, ports are restricted areas. There are no Fisherman allowed in there.",
                "favorites": 0,
                "retweets": 0,
                "cashtags": [],
                "tweet_id": 1660918557327097856,
                "created_at": "Tue May 23 08:00:17 +0000 2023",
                "extra_tweet_info": null,
                "user_info": {
                    "screen_name": "marty_birdie",
                    "user_id": 1400737031861456896,
                    "followers": 25
                }
            }
        },
        "user_info": {
            "screen_name": "OUTASA",
            "user_id": 509871362,
            "followers": 107723
        }
    },
    {
        "text": "pop them on the centrelink queue and bankrupt them with damages payouts instead of the public paying them to be violent and the public covering all their legal liabilities.\n\nSo cwazy it just might work.",
        "favorites": 2,
        "retweets": 1,
        "cashtags": [],
        "tweet_id": 1660932222273069056,
        "created_at": "Tue May 23 08:54:35 +0000 2023",
        "extra_tweet_info": null,
        "user_info": {
            "screen_name": "iMusing",
            "user_id": 171699484,
            "followers": 21424
        }
    },
    {
        "text": "@edison0xyz Insane life hack",
        "favorites": 0,
        "retweets": 0,
        "cashtags": [],
        "tweet_id": 1660933142461464578,
        "created_at": "Tue May 23 08:58:14 +0000 2023",
        "extra_tweet_info": null,
        "user_info": {
            "screen_name": "DarkCryptoLord",
            "user_id": 150324112,
            "followers": 42262
        }
    },
    {
        "text": "Introducing Algolia NeuralSearch \u2014 the only true end-to-end #AI search solution across query understanding, retrieval and ranking. Learn more: https://t.co/YMbjXNJHob",
        "favorites": 135,
        "retweets": 16,
        "cashtags": [],
        "tweet_id": 1652157299862163457,
        "created_at": "Sat Apr 29 03:46:10 +0000 2023",
        "extra_tweet_info": null,
        "user_info": {
            "screen_name": "algolia",
            "user_id": 560454290,
            "followers": 24965
        }
    },
    {
        "text": "@abetrade some wannabe investigative journalists is spreading that woo x is insolvent and instead of reading the documentation and dashboards people are shorting the token lmeow",
        "favorites": 16,
        "retweets": 0,
        "cashtags": [],
        "tweet_id": 1660931601075765250,
        "created_at": "Tue May 23 08:52:06 +0000 2023",
        "extra_tweet_info": null,
        "user_info": {
            "screen_name": "satsdart",
            "user_id": 1259559092835815427,
            "followers": 122631
        }
    },
    {
        "text": "\ud83d\udde3 \u00abPensar a guanyar les eleccions estan a l'oposici\u00f3 a Madrid, el Pa\u00eds Valenci\u00e0, Andalusia i Catalunya \u00e9s gaireb\u00e9 una hero\u00efcitat per m\u00e9s insolvent que aparegui Alberto N\u00fa\u00f1ez Feij\u00f3o\u00bb\n\n\u270d\ufe0f \u00abEl despertador\u00bb de @Ferrancm del 23 de maig\nhttps://t.co/u4Y6cGfpqR",
        "favorites": 1,
        "retweets": 0,
        "cashtags": [],
        "tweet_id": 1660930735451111426,
        "created_at": "Tue May 23 08:48:40 +0000 2023",
        "extra_tweet_info": null,
        "user_info": {
            "screen_name": "naciodigital",
            "user_id": 14088938,
            "followers": 226398
        }
    },
    {
        "text": "\ud83d\udcf0 Today's edition of @Gazzetta_it...\n\n\ud83d\ude31 \"It\u2019s a Juve nightmare. First the penalty, then the collapse. -10 in the table, 4-1 in Empoli.\"\n\n\u2b06\ufe0f \"#ACMilan climb to fourth place. Effects on the table.\" https://t.co/Lk7Gaxjj0Y",
        "favorites": 4,
        "retweets": 0,
        "cashtags": [],
        "tweet_id": 1660933597837283331,
        "created_at": "Tue May 23 09:00:03 +0000 2023",
        "extra_tweet_info": null,
        "user_info": {
            "screen_name": "SempreMilanCom",
            "user_id": 4827305451,
            "followers": 113622
        }
    },
    {
        "text": "Introducing Algolia NeuralSearch \u2014 the only true end-to-end #AI search solution across query understanding, retrieval and ranking. Learn more: https://t.co/Zzr0LRpssR",
        "favorites": 207,
        "retweets": 47,
        "cashtags": [],
        "tweet_id": 1652160798284984323,
        "created_at": "Sat Apr 29 04:00:04 +0000 2023",
        "extra_tweet_info": null,
        "user_info": {
            "screen_name": "algolia",
            "user_id": 560454290,
            "followers": 24965
        }
    },
    {
        "text": "@Peterne40248002 information on our Personal account offering, click on the link &gt;&gt; https://t.co/JiI109fUZS \n ^LK 3/3",
        "favorites": 0,
        "retweets": 0,
        "cashtags": [],
        "tweet_id": 1660934468587204609,
        "created_at": "Tue May 23 09:03:30 +0000 2023",
        "extra_tweet_info": null,
        "user_info": {
            "screen_name": "imbankke",
            "user_id": 2286367508,
            "followers": 58553
        }
    },
    {
        "text": "@Peterne40248002 Hello Peterne40248002, Thank you for your interest in opening a bank account with us, we look forward to having you onboard. Currently, we do not have an option to open accounts online, but we are working on enabling Online Account Opening option soon. To open the account, 1/3",
        "favorites": 0,
        "retweets": 0,
        "cashtags": [],
        "tweet_id": 1660934466674606080,
        "created_at": "Tue May 23 09:03:30 +0000 2023",
        "extra_tweet_info": null,
        "user_info": {
            "screen_name": "imbankke",
            "user_id": 2286367508,
            "followers": 58553
        }
    },
    {
        "text": "@kegblgnunfaedh Malah pengen nanya, testinya gimana?",
        "favorites": 0,
        "retweets": 0,
        "cashtags": [],
        "tweet_id": 1660934422147866625,
        "created_at": "Tue May 23 09:03:19 +0000 2023",
        "extra_tweet_info": null,
        "user_info": {
            "screen_name": "flip_id",
            "user_id": 4636075561,
            "followers": 38366
        }
    },
    {
        "text": "@Peterne40248002 kindly visit the nearest I&amp;M Bank Branch with a copy of the following documents: \nKenyan Citizens\n\u2022Kenyan National ID card/passport, \n\u2022KRA PIN Certificate, \n\u2022Account Opening Balance of KES 1,000\nForeign Nationals\n\u2022Valid Passport\n\u2022Work Permit/Dependent Pass\nFor more 2/3",
        "favorites": 0,
        "retweets": 0,
        "cashtags": [],
        "tweet_id": 1660934467635015682,
        "created_at": "Tue May 23 09:03:30 +0000 2023",
        "extra_tweet_info": null,
        "user_info": {
            "screen_name": "imbankke",
            "user_id": 2286367508,
            "followers": 58553
        }
    },
    {
        "text": "@alandleb66 \u0647\u0644\u0627 \u0648\u0627\u0644\u0644\u0647\n\u0645\u0627\u064a\u0635\u064a\u0631 \u062e\u0627\u0637\u0631\u0643 \u0627\u0644\u0627 \u0637\u064a\u0628\n\u062a\u0645 \u0627\u0644\u062a\u0648\u0627\u0635\u0644 \u0639\u0628\u0631 \u0627\u0644\u062e\u0627\u0635 \ud83d\udce9\n\u064a\u0648\u0645\u0643 \u0633\u0639\u064a\u062f \ud83d\ude4f\ud83c\udffb\ud83d\udc99",
        "favorites": 0,
        "retweets": 0,
        "cashtags": [],
        "tweet_id": 1660934427067703298,
        "created_at": "Tue May 23 09:03:20 +0000 2023",
        "extra_tweet_info": null,
        "user_info": {
            "screen_name": "AlRajhiBankCare",
            "user_id": 1404911780,
            "followers": 683574
        }
    },
    {
        "text": "\u26bd La Liga \u26bd\n\nReal Valladolid \ud83c\udd9a Barcelona FC\n20:00 UTC, Estadio Jose Zorrilla\n\nBarcelona, the reigning champions, aim to bounce back in La Liga as they visit Real Valladolid, who are fighting relegation, on Tuesday night.\n\n#RealValladolidBar\u00e7a #LaLiga #NFT https://t.co/rTVcSgQQoe",
        "favorites": 0,
        "retweets": 0,
        "cashtags": [],
        "tweet_id": 1660934461255499780,
        "created_at": "Tue May 23 09:03:28 +0000 2023",
        "extra_tweet_info": null,
        "user_info": {
            "screen_name": "E8ArtBank",
            "user_id": 1377988811955658757,
            "followers": 36165
        }
    },
    {
        "text": "Let's celebrate the joys of childhood while also remembering the importance of saving for the future.\n\nWhether it's for their education, their health, or their dreams, every little bit counts. \n\nSet up a Children\u2019s Day Target Savings today and earn a whopping 20% bonus in the\u2026 https://t.co/vFthwqfyUd",
        "favorites": 0,
        "retweets": 0,
        "cashtags": [],
        "tweet_id": 1660934418901483520,
        "created_at": "Tue May 23 09:03:18 +0000 2023",
        "extra_tweet_info": null,
        "user_info": {
            "screen_name": "vbankng",
            "user_id": 1220740708673511429,
            "followers": 61827
        }
    },
    {
        "text": "@intanasara Hi there! Thanks for contacting PayPal. Please be advised any fund transfers to bank takes 3 to 5 days to get completed. If you have any further question then please send us a Direct Message with your registered email address and we will do our best. ^Sud",
        "favorites": 0,
        "retweets": 0,
        "cashtags": [],
        "tweet_id": 1660934426543497216,
        "created_at": "Tue May 23 09:03:20 +0000 2023",
        "extra_tweet_info": null,
        "user_info": {
            "screen_name": "AskPayPal",
            "user_id": 63247343,
            "followers": 378157
        }
    },
    {
        "text": "@jaketapper @TheLeadCNN You have no guts to talk about real war crimes from Afghanistan to Iraq to Libya. CNN is a real U.S. govt propaganda machine.",
        "favorites": 3902,
        "retweets": 377,
        "cashtags": [],
        "tweet_id": 1655333197440319494,
        "created_at": "Sun May 07 22:06:03 +0000 2023",
        "extra_tweet_info": null,
        "user_info": {
            "screen_name": "chenweihua",
            "user_id": 88702710,
            "followers": 192336
        }
    },
    {
        "text": "@abetrade some wannabe investigative journalists is spreading that woo x is insolvent and instead of reading the documentation and dashboards people are shorting the token lmeow",
        "favorites": 17,
        "retweets": 0,
        "cashtags": [],
        "tweet_id": 1660931601075765250,
        "created_at": "Tue May 23 08:52:06 +0000 2023",
        "extra_tweet_info": null,
        "user_info": {
            "screen_name": "satsdart",
            "user_id": 1259559092835815427,
            "followers": 122632
        }
    }
]