[
    {
        "text": "Read my statement on today's @SECGov proposal that would improve the resilience and recovery and wind-down planning of covered clearing agencies.",
        "favorites": 109,
        "retweets": 31,
        "cashtags": [],
        "tweet_id": 1658923414696996864,
        "created_at": "Wed May 17 19:52:18 +0000 2023",
        "extra_tweet_info": null,
        "user_info": {
            "screen_name": "GaryGensler",
            "user_id": 1388216429988691972,
            "followers": 279424
        }
    },
    {
        "text": "\ud83d\udfe2 Watch now: Join us for @VolvoGroup 2023 Mobility transformation forum \ud83d\udcab\ud83d\ude9b\n\nLet's put words into action by focusing on the need to have a joined approach across relevant sectors to deliver a #zerocarbon future \ud83d\udcaa\n\nSee more \ud83d\udc47\nhttps://t.co/JBelAZOUix https://t.co/USxzyY5gqt",
        "favorites": 2,
        "retweets": 1,
        "cashtags": [],
        "tweet_id": 1660900870530400258,
        "created_at": "Tue May 23 06:50:00 +0000 2023",
        "extra_tweet_info": null,
        "user_info": {
            "screen_name": "GaryGensler",
            "user_id": 1388216429988691972,
            "followers": 279424
        }
    },
    {
        "text": "\u300c\u60a8\u7684\u5916\u5356\u5458 @cz_binance \u6b63\u5728\u4e3a\u60a8\u9001\u4e0a #BinancePizza \u300d\n\n\u8fd9\u4e2a\u6bd4\u7279\u5e01\u62ab\u8428\u65e5\uff0c\u6211\u4eec\u5728\u591a\u4e2a\u5730\u65b9\u4e3a #\u5e01\u5b89 \u793e\u533a\u9001\u51fa\u8d85500\u4efd\u5b9a\u5236\u62ab\u8428\ud83c\udf55\n\n\u5728\u52a0\u5bc6\u884c\u4e1a\u4e0d\u65ad\u5411\u524d\u7684\u8fc7\u7a0b\u4e2d\uff0c\u6211\u4eec\u4e0d\u5fd8\u521d\u5fc3\uff0c\u7528\u62ab\u8428\u8bb0\u5f55 #Crypto \u7684\u5386\u53f2\u65f6\u523b\uff0c\u5e76\u5728\u5176\u4e2d\u52a0\u5165\u4e00\u62b9 #Binance \u7684\u5149\u4eae\u3002\n\n\u4e00\u8d77\u56de\u987e\u5c06 #BinancePizza \u4f5c\u4e3a\u4eea\u5f0f\u611f\u7684\u7cbe\u5f69\u77ac\u95f4\ud83d\udc47 https://t.co/3R61WAAdV9",
        "favorites": 252,
        "retweets": 46,
        "cashtags": [],
        "tweet_id": 1660895383378067457,
        "created_at": "Tue May 23 06:28:11 +0000 2023",
        "extra_tweet_info": {
            "is_retweet": true,
            "original_user_id": 1451036242431262720,
            "original_tweet_id": 1660893021343469569,
            "original_created_at": "Tue May 23 06:18:48 +0000 2023"
        },
        "user_info": {
            "screen_name": "cz_binance",
            "user_id": 902926941413453824,
            "followers": 8438494
        }
    },
    {
        "text": "13 years ago, a man paid 10,000 #Bitcoin\u00a0for two Papa John's pizzas. \n\nToday, 10,000 $BTC is worth $267 million. https://t.co/rr7moH5dnM",
        "favorites": 6271,
        "retweets": 1571,
        "cashtags": [
            "$BTC"
        ],
        "tweet_id": 1660519680660975618,
        "created_at": "Mon May 22 05:35:17 +0000 2023",
        "extra_tweet_info": null,
        "user_info": {
            "screen_name": "WatcherGuru",
            "user_id": 1387497871751196672,
            "followers": 1928462
        }
    },
    {
        "text": "\u300c\u60a8\u7684\u5916\u5356\u5458 @cz_binance \u6b63\u5728\u4e3a\u60a8\u9001\u4e0a #BinancePizza \u300d\n\n\u8fd9\u4e2a\u6bd4\u7279\u5e01\u62ab\u8428\u65e5\uff0c\u6211\u4eec\u5728\u591a\u4e2a\u5730\u65b9\u4e3a #\u5e01\u5b89 \u793e\u533a\u9001\u51fa\u8d85500\u4efd\u5b9a\u5236\u62ab\u8428\ud83c\udf55\n\n\u5728\u52a0\u5bc6\u884c\u4e1a\u4e0d\u65ad\u5411\u524d\u7684\u8fc7\u7a0b\u4e2d\uff0c\u6211\u4eec\u4e0d\u5fd8\u521d\u5fc3\uff0c\u7528\u62ab\u8428\u8bb0\u5f55 #Crypto \u7684\u5386\u53f2\u65f6\u523b\uff0c\u5e76\u5728\u5176\u4e2d\u52a0\u5165\u4e00\u62b9 #Binance \u7684\u5149\u4eae\u3002\n\n\u4e00\u8d77\u56de\u987e\u5c06 #BinancePizza \u4f5c\u4e3a\u4eea\u5f0f\u611f\u7684\u7cbe\u5f69\u77ac\u95f4\ud83d\udc47 https://t.co/3R61WAAdV9",
        "favorites": 280,
        "retweets": 49,
        "cashtags": [],
        "tweet_id": 1660895383378067457,
        "created_at": "Tue May 23 06:28:11 +0000 2023",
        "extra_tweet_info": {
            "is_retweet": true,
            "original_user_id": 1451036242431262720,
            "original_tweet_id": 1660893021343469569,
            "original_created_at": "Tue May 23 06:18:48 +0000 2023"
        },
        "user_info": {
            "screen_name": "cz_binance",
            "user_id": 902926941413453824,
            "followers": 8438822
        }
    },
    {
        "text": "13 years ago, a man paid 10,000 #Bitcoin\u00a0for two Papa John's pizzas. \n\nToday, 10,000 $BTC is worth $267 million. https://t.co/rr7moH5dnM",
        "favorites": 6277,
        "retweets": 1572,
        "cashtags": [
            "$BTC"
        ],
        "tweet_id": 1660519680660975618,
        "created_at": "Mon May 22 05:35:17 +0000 2023",
        "extra_tweet_info": null,
        "user_info": {
            "screen_name": "WatcherGuru",
            "user_id": 1387497871751196672,
            "followers": 1928473
        }
    },
    {
        "text": "13 years ago, a man paid 10,000 #Bitcoin\u00a0for two Papa John's pizzas. \n\nToday, 10,000 $BTC is worth $267 million. https://t.co/rr7moH5dnM",
        "favorites": 6279,
        "retweets": 1573,
        "cashtags": [
            "$BTC"
        ],
        "tweet_id": 1660519680660975618,
        "created_at": "Mon May 22 05:35:17 +0000 2023",
        "extra_tweet_info": null,
        "user_info": {
            "screen_name": "WatcherGuru",
            "user_id": 1387497871751196672,
            "followers": 1928480
        }
    },
    {
        "text": "Read my statement on today's @SECGov proposal that would improve the resilience and recovery and wind-down planning of covered clearing agencies.",
        "favorites": 109,
        "retweets": 31,
        "cashtags": [],
        "tweet_id": 1658923414696996864,
        "created_at": "Wed May 17 19:52:18 +0000 2023",
        "extra_tweet_info": null,
        "user_info": {
            "screen_name": "GaryGensler",
            "user_id": 1388216429988691972,
            "followers": 279421
        }
    },
    {
        "text": "13 years ago, a man paid 10,000 #Bitcoin\u00a0for two Papa John's pizzas. \n\nToday, 10,000 $BTC is worth $267 million. https://t.co/rr7moH5dnM",
        "favorites": 6286,
        "retweets": 1575,
        "cashtags": [
            "$BTC"
        ],
        "tweet_id": 1660519680660975618,
        "created_at": "Mon May 22 05:35:17 +0000 2023",
        "extra_tweet_info": null,
        "user_info": {
            "screen_name": "WatcherGuru",
            "user_id": 1387497871751196672,
            "followers": 1928489
        }
    },
    {
        "text": "\u300c\u60a8\u7684\u5916\u5356\u5458 @cz_binance \u6b63\u5728\u4e3a\u60a8\u9001\u4e0a #BinancePizza \u300d\n\n\u8fd9\u4e2a\u6bd4\u7279\u5e01\u62ab\u8428\u65e5\uff0c\u6211\u4eec\u5728\u591a\u4e2a\u5730\u65b9\u4e3a #\u5e01\u5b89 \u793e\u533a\u9001\u51fa\u8d85500\u4efd\u5b9a\u5236\u62ab\u8428\ud83c\udf55\n\n\u5728\u52a0\u5bc6\u884c\u4e1a\u4e0d\u65ad\u5411\u524d\u7684\u8fc7\u7a0b\u4e2d\uff0c\u6211\u4eec\u4e0d\u5fd8\u521d\u5fc3\uff0c\u7528\u62ab\u8428\u8bb0\u5f55 #Crypto \u7684\u5386\u53f2\u65f6\u523b\uff0c\u5e76\u5728\u5176\u4e2d\u52a0\u5165\u4e00\u62b9 #Binance \u7684\u5149\u4eae\u3002\n\n\u4e00\u8d77\u56de\u987e\u5c06 #BinancePizza \u4f5c\u4e3a\u4eea\u5f0f\u611f\u7684\u7cbe\u5f69\u77ac\u95f4\ud83d\udc47 https://t.co/3R61WAAdV9",
        "favorites": 308,
        "retweets": 54,
        "cashtags": [],
        "tweet_id": 1660895383378067457,
        "created_at": "Tue May 23 06:28:11 +0000 2023",
        "extra_tweet_info": {
            "is_retweet": true,
            "original_user_id": 1451036242431262720,
            "original_tweet_id": 1660893021343469569,
            "original_created_at": "Tue May 23 06:18:48 +0000 2023"
        },
        "user_info": {
            "screen_name": "cz_binance",
            "user_id": 902926941413453824,
            "followers": 8438881
        }
    },
    {
        "text": "Read my statement on today's @SECGov proposal that would improve the resilience and recovery and wind-down planning of covered clearing agencies.",
        "favorites": 109,
        "retweets": 31,
        "cashtags": [],
        "tweet_id": 1658923414696996864,
        "created_at": "Wed May 17 19:52:18 +0000 2023",
        "extra_tweet_info": null,
        "user_info": {
            "screen_name": "GaryGensler",
            "user_id": 1388216429988691972,
            "followers": 279421
        }
    }
]