{"conditions": [{"condition": "A large cryptocurrency exchange has been hacked resulting in a potential or actual loss of funds for customers.", "direction": "SHORT", "pair": "BTCUSD", "quantity_in_usd": "500"}, {"condition": "A large cryptocurrency exchange is facing potential or actual insolvency or bankruptcy which could result or is resulting in a large loss of funds for customers.", "direction": "SHORT", "pair": "BTCUSD", "quantity_in_usd": "500"}, {"condition": "The US, EU, or EU member state (or high-ranking politician, regulator or central banker thereof) announces or suggests it is not willing or able to bail out or save a very large financial institution facing collapse.", "direction": "SHORT", "pair": "BTCUSD", "quantity_in_usd": "500"}, {"condition": "Joe Biden, Gary Gensler or the SEC announces regulatory crackdown on cryptocurrency.", "direction": "SHORT", "pair": "BTCUSD", "quantity_in_usd": "500"}, {"condition": "The EU announces further strict cryptocurrency regulations which limit the ability of individuals to hold or trade cryptocurrency or seriously restricts cryptocurrency businesses.", "direction": "SHORT", "pair": "BTCUSD", "quantity_in_usd": "500"}, {"condition": "Latest US inflation figures lower than expected or economic data such as GDP growth or employment better than expected.", "direction": "LONG", "pair": "BTCUSD", "quantity_in_usd": "500"}]}